Model,Epoch,Dataset,Is_Single_Class,Calibrated_Threshold,Optimized_Threshold,Threshold_Diff,Calibrated_F1,Optimized_F1,F1_Improvement,Calibrated_Brier,Optimized_Brier,Brier_Improvement
CNN_LSTM,100,CalibrationDataset,No,0.83049900,0.83296728,+0.00246828,0.8669,0.8669,+0.0000,0.1242,0.1242,+0.0000
CNN_LSTM,100,DronePrint,Yes,0.83049900,0.03089099,-0.79960801,nan,nan,+nan,0.8485,0.8485,+0.0000
CNN_LSTM,100,Emo,Yes,0.83049900,0.49799390,-0.33250510,nan,nan,+nan,0.0314,0.0314,+0.0000
CNN_LSTM,100,ESC-50,Yes,0.83049900,0.92440401,+0.09390501,nan,nan,+nan,0.1967,0.1967,+0.0000
CNN_LSTM,100,Fusion,No,0.83049900,0.60688376,-0.22361524,0.9664,0.9697,+0.0033,0.0460,0.0460,+0.0000
CNN_LSTM,100,H-2,Yes,0.83049900,0.02343412,-0.80706488,nan,nan,+nan,0.8343,0.8343,+0.0000
CNN_LSTM,100,S&E,No,0.83049900,0.18579493,-0.64470407,0.0000,0.0000,+0.0000,0.2913,0.2913,+0.0000
CNN_LSTM,100,Authors,No,0.83049900,0.03566165,-0.79483735,0.0000,0.7000,+0.7000,0.7594,0.7594,+0.0000
CNN_LSTM,100,UrbanSound,Yes,0.83049900,0.97869676,+0.14819776,nan,nan,+nan,0.1062,0.1062,+0.0000
CNN_LSTM,100,Wonjun_Yi,Yes,0.83049900,0.02196058,-0.80853842,nan,nan,+nan,0.0054,0.0054,+0.0000
CNN_LSTM,10,CalibrationDataset,No,0.27700000,0.27700000,+0.00000000,0.7946,0.7946,+0.0000,0.1534,0.1534,+0.0000
CNN_LSTM,10,DronePrint,Yes,0.27700000,0.02708960,-0.24991040,nan,nan,+nan,0.8553,0.8553,+0.0000
CNN_LSTM,10,Emo,Yes,0.27700000,0.43763218,+0.16063218,nan,nan,+nan,0.0260,0.0260,+0.0000
CNN_LSTM,10,ESC-50,Yes,0.27700000,0.97764758,+0.70064758,nan,nan,+nan,0.1639,0.1639,+0.0000
CNN_LSTM,10,Fusion,No,0.27700000,0.03586410,-0.24113590,0.9605,0.9788,+0.0183,0.1447,0.1447,+0.0000
CNN_LSTM,10,H-2,Yes,0.27700000,0.02065089,-0.25634911,nan,nan,+nan,0.8473,0.8473,+0.0000
CNN_LSTM,10,S&E,No,0.27700000,0.15727291,-0.11972709,0.0000,0.0000,+0.0000,0.2935,0.2935,+0.0000
CNN_LSTM,10,Authors,No,0.27700000,0.03016597,-0.24683403,0.0800,0.7000,+0.6200,0.7783,0.7783,+0.0000
CNN_LSTM,10,UrbanSound,Yes,0.27700000,0.97964466,+0.70264466,nan,nan,+nan,0.0978,0.0978,+0.0000
CNN_LSTM,10,Wonjun_Yi,Yes,0.27700000,0.18937542,-0.08762458,nan,nan,+nan,0.1221,0.1221,+0.0000
CNN_LSTM,1,CalibrationDataset,No,0.98599900,0.94776827,-0.03823073,0.8857,0.8764,-0.0093,0.1294,0.1294,+0.0000
CNN_LSTM,1,DronePrint,Yes,0.98599900,0.03463689,-0.95136211,nan,nan,+nan,0.8394,0.8394,+0.0000
CNN_LSTM,1,Emo,Yes,0.98599900,0.48343601,-0.50256299,nan,nan,+nan,0.0411,0.0411,+0.0000
CNN_LSTM,1,ESC-50,Yes,0.98599900,0.97780112,-0.00819788,nan,nan,+nan,0.2175,0.2175,+0.0000
CNN_LSTM,1,Fusion,No,0.98599900,0.97973377,-0.00626523,0.9778,0.9772,-0.0006,0.0417,0.0417,+0.0000
CNN_LSTM,1,H-2,Yes,0.98599900,0.02056553,-0.96543347,nan,nan,+nan,0.8108,0.8108,+0.0000
CNN_LSTM,1,S&E,No,0.98599900,0.24251932,-0.74347968,0.0000,0.0000,+0.0000,0.2750,0.2750,+0.0000
CNN_LSTM,1,Authors,No,0.98599900,0.02428638,-0.96171262,0.0000,0.9167,+0.9167,0.7274,0.7274,+0.0000
CNN_LSTM,1,UrbanSound,Yes,0.98599900,0.97973377,-0.00626523,nan,nan,+nan,0.1131,0.1131,+0.0000
CNN_LSTM,1,Wonjun_Yi,Yes,0.98599900,0.98599900,+0.00000000,nan,nan,+nan,0.0002,0.0002,+0.0000
CNN_LSTM,20,CalibrationDataset,No,0.80349900,0.80349900,+0.00000000,0.8674,0.8674,+0.0000,0.1128,0.1128,+0.0000
CNN_LSTM,20,DronePrint,Yes,0.80349900,0.03163332,-0.77186568,nan,nan,+nan,0.8509,0.8509,+0.0000
CNN_LSTM,20,Emo,Yes,0.80349900,0.42660101,-0.37689799,nan,nan,+nan,0.0267,0.0267,+0.0000
CNN_LSTM,20,ESC-50,Yes,0.80349900,0.97903219,+0.17553319,nan,nan,+nan,0.1757,0.1757,+0.0000
CNN_LSTM,20,Fusion,No,0.80349900,0.61335069,-0.19014831,0.9670,0.9730,+0.0060,0.0433,0.0433,+0.0000
CNN_LSTM,20,H-2,Yes,0.80349900,0.02008287,-0.78341613,nan,nan,+nan,0.8423,0.8423,+0.0000
CNN_LSTM,20,S&E,No,0.80349900,0.15548032,-0.64801868,0.0000,0.0000,+0.0000,0.2916,0.2916,+0.0000
CNN_LSTM,20,Authors,No,0.80349900,0.03024443,-0.77325457,0.0000,0.6667,+0.6667,0.7754,0.7754,+0.0000
CNN_LSTM,20,UrbanSound,Yes,0.80349900,0.97958922,+0.17609022,nan,nan,+nan,0.1004,0.1004,+0.0000
CNN_LSTM,20,Wonjun_Yi,Yes,0.80349900,0.36115417,-0.44234483,nan,nan,+nan,0.0030,0.0030,+0.0000
CNN_LSTM,50,CalibrationDataset,No,0.80749900,0.80749900,+0.00000000,0.8034,0.8034,+0.0000,0.1271,0.1271,+0.0000
CNN_LSTM,50,DronePrint,Yes,0.80749900,0.03235027,-0.77514873,nan,nan,+nan,0.8467,0.8467,+0.0000
CNN_LSTM,50,Emo,Yes,0.80749900,0.28876451,-0.51873449,nan,nan,+nan,0.0251,0.0251,+0.0000
CNN_LSTM,50,ESC-50,Yes,0.80749900,0.91363108,+0.10613208,nan,nan,+nan,0.1610,0.1610,+0.0000
CNN_LSTM,50,Fusion,No,0.80749900,0.02000024,-0.78749876,0.9075,0.9779,+0.0704,0.0948,0.0948,+0.0000
CNN_LSTM,50,H-2,Yes,0.80749900,0.02025351,-0.78724549,nan,nan,+nan,0.8408,0.8408,+0.0000
CNN_LSTM,50,S&E,No,0.80749900,0.17770659,-0.62979241,0.0000,0.0000,+0.0000,0.2914,0.2914,+0.0000
CNN_LSTM,50,Authors,No,0.80749900,0.03870172,-0.76879728,0.0000,0.5946,+0.5946,0.7864,0.7864,+0.0000
CNN_LSTM,50,UrbanSound,Yes,0.80749900,0.97993878,+0.17243978,nan,nan,+nan,0.0974,0.0974,+0.0000
CNN_LSTM,50,Wonjun_Yi,Yes,0.80749900,0.02000024,-0.78749876,nan,nan,+nan,0.0640,0.0640,+0.0000
CNN_LSTM,5,CalibrationDataset,No,0.23200100,0.23392797,+0.00192697,0.7865,0.7871,+0.0006,0.1981,0.1981,+0.0000
CNN_LSTM,5,DronePrint,Yes,0.23200100,0.02209321,-0.20990779,nan,nan,+nan,0.8610,0.8610,+0.0000
CNN_LSTM,5,Emo,Yes,0.23200100,0.50187271,+0.26987171,nan,nan,+nan,0.0257,0.0257,+0.0000
CNN_LSTM,5,ESC-50,Yes,0.23200100,0.97498055,+0.74297955,nan,nan,+nan,0.1652,0.1652,+0.0000
CNN_LSTM,5,Fusion,No,0.23200100,0.20545153,-0.02654947,0.9643,0.9665,+0.0021,0.2556,0.2556,+0.0000
CNN_LSTM,5,H-2,Yes,0.23200100,0.02047198,-0.21152902,nan,nan,+nan,0.8548,0.8548,+0.0000
CNN_LSTM,5,S&E,No,0.23200100,0.13924645,-0.09275455,0.0000,0.0000,+0.0000,0.2930,0.2930,+0.0000
CNN_LSTM,5,Authors,No,0.23200100,0.02819868,-0.20380232,0.0800,0.7317,+0.6517,0.7831,0.7831,+0.0000
CNN_LSTM,5,UrbanSound,Yes,0.23200100,0.97997034,+0.74796934,nan,nan,+nan,0.0934,0.0934,+0.0000
CNN_LSTM,5,Wonjun_Yi,Yes,0.23200100,0.20045371,-0.03154729,nan,nan,+nan,0.2522,0.2522,+0.0000
Resnet_34,100,CalibrationDataset,No,0.00004600,0.72267072,+0.72262472,0.2600,0.0349,-0.2251,0.3767,0.3767,+0.0000
Resnet_34,100,DronePrint,Yes,0.00004600,0.08731642,+0.08727042,nan,nan,+nan,0.9857,0.9857,+0.0000
Resnet_34,100,Emo,Yes,0.00004600,0.00004600,+0.00000000,nan,nan,+nan,0.0000,0.0000,+0.0000
Resnet_34,100,ESC-50,Yes,0.00004600,0.88765625,+0.88761025,nan,nan,+nan,0.0021,0.0021,+0.0000
Resnet_34,100,Fusion,No,0.00004600,0.30040691,+0.30036091,0.0013,0.0004,-0.0010,0.8898,0.8898,+0.0000
Resnet_34,100,H-2,Yes,0.00004600,0.00004600,+0.00000000,nan,nan,+nan,1.0000,1.0000,+0.0000
Resnet_34,100,S&E,No,0.00004600,0.95767104,+0.95762504,0.5366,0.5333,-0.0033,0.2487,0.2487,+0.0000
Resnet_34,100,Authors,No,0.00004600,0.05877855,+0.05873255,0.8696,0.5294,-0.3402,0.6767,0.6767,+0.0000
Resnet_34,100,UrbanSound,Yes,0.00004600,0.97787941,+0.97783341,nan,nan,+nan,0.0270,0.0270,+0.0000
Resnet_34,100,Wonjun_Yi,Yes,0.00004600,0.00004600,+0.00000000,nan,nan,+nan,1.0000,1.0000,+0.0000
Resnet_34,10,CalibrationDataset,No,0.49950000,0.49950000,+0.00000000,0.1359,0.1359,+0.0000,0.9271,0.9271,+0.0000
Resnet_34,10,DronePrint,Yes,0.49950000,0.49950000,+0.00000000,nan,nan,+nan,0.0000,0.0000,+0.0000
Resnet_34,10,Emo,Yes,0.49950000,0.49950000,+0.00000000,nan,nan,+nan,1.0000,1.0000,+0.0000
Resnet_34,10,ESC-50,Yes,0.49950000,0.49950000,+0.00000000,nan,nan,+nan,1.0000,1.0000,+0.0000
Resnet_34,10,Fusion,No,0.49950000,0.97733548,+0.47783548,0.0653,0.0654,+0.0000,0.9639,0.9639,+0.0000
Resnet_34,10,H-2,Yes,0.49950000,0.49950000,+0.00000000,nan,nan,+nan,0.0000,0.0000,+0.0000
Resnet_34,10,S&E,No,0.49950000,0.49950000,+0.00000000,0.5067,0.5067,+0.0000,0.6607,0.6607,+0.0000
Resnet_34,10,Authors,No,0.49950000,0.49950000,+0.00000000,0.9412,0.9412,+0.0000,0.1111,0.1111,+0.0000
Resnet_34,10,UrbanSound,Yes,0.49950000,0.97733548,+0.47783548,nan,nan,+nan,0.9735,0.9735,+0.0000
Resnet_34,10,Wonjun_Yi,Yes,0.49950000,0.49950000,+0.00000000,nan,nan,+nan,1.0000,1.0000,+0.0000
Resnet_34,1,CalibrationDataset,No,0.99720400,0.96616160,-0.03104240,0.1375,0.1372,-0.0003,0.9253,0.9253,+0.0000
Resnet_34,1,DronePrint,Yes,0.99720400,0.99720400,+0.00000000,nan,nan,+nan,0.0000,0.0000,+0.0000
Resnet_34,1,Emo,Yes,0.99720400,0.99720400,+0.00000000,nan,nan,+nan,1.0000,1.0000,+0.0000
Resnet_34,1,ESC-50,Yes,0.99720400,0.96172004,-0.03548396,nan,nan,+nan,0.9993,0.9993,+0.0000
Resnet_34,1,Fusion,No,0.99720400,0.97618055,-0.02102345,0.0655,0.0654,-0.0000,0.9639,0.9639,+0.0000
Resnet_34,1,H-2,Yes,0.99720400,0.99720400,+0.00000000,nan,nan,+nan,0.0000,0.0000,+0.0000
Resnet_34,1,S&E,No,0.99720400,0.97618055,-0.02102345,0.4865,0.5067,+0.0202,0.6607,0.6607,+0.0000
Resnet_34,1,Authors,No,0.99720400,0.99720400,+0.00000000,0.9412,0.9412,+0.0000,0.1111,0.1111,+0.0000
Resnet_34,1,UrbanSound,Yes,0.99720400,0.97930469,-0.01789931,nan,nan,+nan,0.9729,0.9729,+0.0000
Resnet_34,1,Wonjun_Yi,Yes,0.99720400,0.99720400,+0.00000000,nan,nan,+nan,1.0000,1.0000,+0.0000
Resnet_34,20,CalibrationDataset,No,0.00015900,0.42797024,+0.42781124,0.2229,0.0314,-0.1915,0.3794,0.3794,+0.0000
Resnet_34,20,DronePrint,Yes,0.00015900,0.10242225,+0.10226325,nan,nan,+nan,0.9231,0.9231,+0.0000
Resnet_34,20,Emo,Yes,0.00015900,0.09544689,+0.09528789,nan,nan,+nan,0.0000,0.0000,+0.0000
Resnet_34,20,ESC-50,Yes,0.00015900,0.69190611,+0.69174711,nan,nan,+nan,0.0019,0.0019,+0.0000
Resnet_34,20,Fusion,No,0.00015900,0.44168393,+0.44152493,0.0176,0.0004,-0.0173,0.8893,0.8893,+0.0000
Resnet_34,20,H-2,Yes,0.00015900,0.02102425,+0.02086525,nan,nan,+nan,0.9996,0.9996,+0.0000
Resnet_34,20,S&E,No,0.00015900,0.23854717,+0.23838817,0.5333,0.5714,+0.0381,0.2172,0.2172,+0.0000
Resnet_34,20,Authors,No,0.00015900,0.10611595,+0.10595695,0.8372,0.5294,-0.3078,0.6172,0.6172,+0.0000
Resnet_34,20,UrbanSound,Yes,0.00015900,0.97485723,+0.97469823,nan,nan,+nan,0.0221,0.0221,+0.0000
Resnet_34,20,Wonjun_Yi,Yes,0.00015900,0.00015900,+0.00000000,nan,nan,+nan,1.0000,1.0000,+0.0000
Resnet_34,50,CalibrationDataset,No,0.00004500,0.76925025,+0.76920525,0.2615,0.0285,-0.2329,0.3800,0.3800,+0.0000
Resnet_34,50,DronePrint,Yes,0.00004500,0.20995797,+0.20991297,nan,nan,+nan,0.8868,0.8868,+0.0000
Resnet_34,50,Emo,Yes,0.00004500,0.00004500,+0.00000000,nan,nan,+nan,0.0000,0.0000,+0.0000
Resnet_34,50,ESC-50,Yes,0.00004500,0.82356771,+0.82352271,nan,nan,+nan,0.0008,0.0008,+0.0000
Resnet_34,50,Fusion,No,0.00004500,0.62591548,+0.62587048,0.0011,0.0003,-0.0008,0.8884,0.8884,+0.0000
Resnet_34,50,H-2,Yes,0.00004500,0.00004500,+0.00000000,nan,nan,+nan,1.0000,1.0000,+0.0000
Resnet_34,50,S&E,No,0.00004500,0.21642950,+0.21638450,0.4737,0.4800,+0.0063,0.2432,0.2432,+0.0000
Resnet_34,50,Authors,No,0.00004500,0.18472602,+0.18468102,0.8696,0.5000,-0.3696,0.6231,0.6231,+0.0000
Resnet_34,50,UrbanSound,Yes,0.00004500,0.96432356,+0.96427856,nan,nan,+nan,0.0119,0.0119,+0.0000
Resnet_34,50,Wonjun_Yi,Yes,0.00004500,0.00004500,+0.00000000,nan,nan,+nan,1.0000,1.0000,+0.0000
Resnet_34,5,CalibrationDataset,No,0.49650000,0.49650000,+0.00000000,0.1359,0.1359,+0.0000,0.9271,0.9271,+0.0000
Resnet_34,5,DronePrint,Yes,0.49650000,0.49650000,+0.00000000,nan,nan,+nan,0.0000,0.0000,+0.0000
Resnet_34,5,Emo,Yes,0.49650000,0.49650000,+0.00000000,nan,nan,+nan,1.0000,1.0000,+0.0000
Resnet_34,5,ESC-50,Yes,0.49650000,0.49650000,+0.00000000,nan,nan,+nan,1.0000,1.0000,+0.0000
Resnet_34,5,Fusion,No,0.49650000,0.97700664,+0.48050664,0.0653,0.0653,+0.0000,0.9643,0.9643,+0.0000
Resnet_34,5,H-2,Yes,0.49650000,0.49650000,+0.00000000,nan,nan,+nan,0.0000,0.0000,+0.0000
Resnet_34,5,S&E,No,0.49650000,0.49650000,+0.00000000,0.5067,0.5067,+0.0000,0.6607,0.6607,+0.0000
Resnet_34,5,Authors,No,0.49650000,0.49650000,+0.00000000,0.9412,0.9412,+0.0000,0.1111,0.1111,+0.0000
Resnet_34,5,UrbanSound,Yes,0.49650000,0.97700664,+0.48050664,nan,nan,+nan,0.9777,0.9777,+0.0000
Resnet_34,5,Wonjun_Yi,Yes,0.49650000,0.49650000,+0.00000000,nan,nan,+nan,1.0000,1.0000,+0.0000
Wav2Vec2_AllAugments,1,CalibrationDataset,No,0.21487400,0.22794329,+0.01306929,0.1985,0.1987,+0.0002,0.3188,0.3188,+0.0000
Wav2Vec2_AllAugments,1,DronePrint,Yes,0.21487400,0.27578460,+0.06091060,nan,nan,+nan,0.4406,0.4406,+0.0000
Wav2Vec2_AllAugments,1,Emo,Yes,0.21487400,0.33968282,+0.12480882,nan,nan,+nan,0.0501,0.0501,+0.0000
Wav2Vec2_AllAugments,1,ESC-50,Yes,0.21487400,0.51838980,+0.30351580,nan,nan,+nan,0.0358,0.0358,+0.0000
Wav2Vec2_AllAugments,1,Fusion,No,0.21487400,0.17238262,-0.04249138,0.0587,0.0670,+0.0083,0.7328,0.7328,+0.0000
Wav2Vec2_AllAugments,1,H-2,Yes,0.21487400,0.14292790,-0.07194610,nan,nan,+nan,0.5477,0.5477,+0.0000
Wav2Vec2_AllAugments,1,Authors,No,0.21487400,0.23005846,+0.01518446,0.8444,0.8636,+0.0192,0.4252,0.4252,+0.0000
Wav2Vec2_AllAugments,1,S&E,No,0.21487400,0.24171463,+0.02684063,0.3492,0.4082,+0.0590,0.2370,0.2370,+0.0000
Wav2Vec2_AllAugments,1,UrbanSound,Yes,0.21487400,0.39619836,+0.18132436,nan,nan,+nan,0.0378,0.0378,+0.0000
Wav2Vec2_AllAugments,1,Wonjun_Yi,Yes,0.21487400,0.07858462,-0.13628938,nan,nan,+nan,0.8318,0.8318,+0.0000
Wav2Vec2_AllAugments,10,CalibrationDataset,No,0.00215925,0.03002066,+0.02786141,0.5528,0.0065,-0.5463,0.3775,0.3775,+0.0000
Wav2Vec2_AllAugments,10,DronePrint,Yes,0.00215925,0.00215925,+0.00000000,nan,nan,+nan,0.9874,0.9874,+0.0000
Wav2Vec2_AllAugments,10,Emo,Yes,0.00215925,0.04204197,+0.03988271,nan,nan,+nan,0.0001,0.0001,+0.0000
Wav2Vec2_AllAugments,10,ESC-50,Yes,0.00215925,0.04659219,+0.04443293,nan,nan,+nan,0.0000,0.0000,+0.0000
Wav2Vec2_AllAugments,10,Fusion,No,0.00215925,0.26661366,+0.26445441,0.9394,0.0000,-0.9394,0.8821,0.8821,+0.0000
Wav2Vec2_AllAugments,10,H-2,Yes,0.00215925,0.02085687,+0.01869762,nan,nan,+nan,0.9889,0.9889,+0.0000
Wav2Vec2_AllAugments,10,Authors,No,0.00215925,0.00215925,+0.00000000,0.8750,0.8750,+0.0000,0.7671,0.7671,+0.0000
Wav2Vec2_AllAugments,10,S&E,No,0.00215925,0.00215925,+0.00000000,0.5067,0.5067,+0.0000,0.3353,0.3353,+0.0000
Wav2Vec2_AllAugments,10,UrbanSound,Yes,0.00215925,0.91044986,+0.90829061,nan,nan,+nan,0.0003,0.0003,+0.0000
Wav2Vec2_AllAugments,10,Wonjun_Yi,Yes,0.00215925,0.02654089,+0.02438164,nan,nan,+nan,0.9942,0.9942,+0.0000
Wav2Vec2_AllAugments,15,CalibrationDataset,No,0.97999400,0.02284647,-0.95714753,0.0000,0.0129,+0.0129,0.3782,0.3782,+0.0000
Wav2Vec2_AllAugments,15,DronePrint,Yes,0.97999400,0.97999400,+0.00000000,nan,nan,+nan,0.9928,0.9928,+0.0000
Wav2Vec2_AllAugments,15,Emo,Yes,0.97999400,0.02869865,-0.95129535,nan,nan,+nan,0.0000,0.0000,+0.0000
Wav2Vec2_AllAugments,15,ESC-50,Yes,0.97999400,0.03329662,-0.94669739,nan,nan,+nan,0.0000,0.0000,+0.0000
Wav2Vec2_AllAugments,15,Fusion,No,0.97999400,0.13977810,-0.84021590,0.0000,0.0004,+0.0004,0.8839,0.8839,+0.0000
Wav2Vec2_AllAugments,15,H-2,Yes,0.97999400,0.97999400,+0.00000000,nan,nan,+nan,0.9931,0.9931,+0.0000
Wav2Vec2_AllAugments,15,Authors,No,0.97999400,0.97999400,+0.00000000,0.0000,0.0000,+0.0000,0.7710,0.7710,+0.0000
Wav2Vec2_AllAugments,15,S&E,No,0.97999400,0.97999400,+0.00000000,0.0000,0.0000,+0.0000,0.3369,0.3369,+0.0000
Wav2Vec2_AllAugments,15,UrbanSound,Yes,0.97999400,0.97999400,+0.00000000,nan,nan,+nan,0.0004,0.0004,+0.0000
Wav2Vec2_AllAugments,15,Wonjun_Yi,Yes,0.97999400,0.13081026,-0.84918374,nan,nan,+nan,0.9961,0.9961,+0.0000
Wav2Vec2_AllAugments,20,CalibrationDataset,No,0.00103385,0.02268443,+0.02165058,0.5515,0.0097,-0.5418,0.3790,0.3790,+0.0000
Wav2Vec2_AllAugments,20,DronePrint,Yes,0.00103385,0.00103385,+0.00000000,nan,nan,+nan,0.9946,0.9946,+0.0000
Wav2Vec2_AllAugments,20,Emo,Yes,0.00103385,0.02185470,+0.02082085,nan,nan,+nan,0.0000,0.0000,+0.0000
Wav2Vec2_AllAugments,20,ESC-50,Yes,0.00103385,0.02830805,+0.02727420,nan,nan,+nan,0.0000,0.0000,+0.0000
Wav2Vec2_AllAugments,20,Fusion,No,0.00103385,0.11647444,+0.11544059,0.9404,0.0003,-0.9401,0.8846,0.8846,+0.0000
Wav2Vec2_AllAugments,20,H-2,Yes,0.00103385,0.00103385,+0.00000000,nan,nan,+nan,0.9945,0.9945,+0.0000
Wav2Vec2_AllAugments,20,Authors,No,0.00103385,0.00103385,+0.00000000,0.8750,0.8750,+0.0000,0.7724,0.7724,+0.0000
Wav2Vec2_AllAugments,20,S&E,No,0.00103385,0.00103385,+0.00000000,0.5067,0.5067,+0.0000,0.3374,0.3374,+0.0000
Wav2Vec2_AllAugments,20,UrbanSound,Yes,0.00103385,0.97945833,+0.97842448,nan,nan,+nan,0.0003,0.0003,+0.0000
Wav2Vec2_AllAugments,20,Wonjun_Yi,Yes,0.00103385,0.03680178,+0.03576794,nan,nan,+nan,0.9969,0.9969,+0.0000
Wav2Vec2_AllAugments,5,CalibrationDataset,No,0.00661154,0.06028882,+0.05367728,0.5544,0.0065,-0.5480,0.3720,0.3720,+0.0000
Wav2Vec2_AllAugments,5,DronePrint,Yes,0.00661154,0.02044430,+0.01383276,nan,nan,+nan,0.9472,0.9472,+0.0000
Wav2Vec2_AllAugments,5,Emo,Yes,0.00661154,0.10422652,+0.09761498,nan,nan,+nan,0.0006,0.0006,+0.0000
Wav2Vec2_AllAugments,5,ESC-50,Yes,0.00661154,0.12202285,+0.11541131,nan,nan,+nan,0.0003,0.0003,+0.0000
Wav2Vec2_AllAugments,5,Fusion,No,0.00661154,0.15795968,+0.15134814,0.8963,0.0000,-0.8963,0.8735,0.8735,+0.0000
Wav2Vec2_AllAugments,5,H-2,Yes,0.00661154,0.02000103,+0.01338949,nan,nan,+nan,0.9616,0.9616,+0.0000
Wav2Vec2_AllAugments,5,Authors,No,0.00661154,0.02016359,+0.01355205,0.8750,0.6857,-0.1893,0.7419,0.7419,+0.0000
Wav2Vec2_AllAugments,5,S&E,No,0.00661154,0.02418931,+0.01757777,0.5067,0.3158,-0.1909,0.3261,0.3261,+0.0000
Wav2Vec2_AllAugments,5,UrbanSound,Yes,0.00661154,0.54949120,+0.54287966,nan,nan,+nan,0.0005,0.0005,+0.0000
Wav2Vec2_AllAugments,5,Wonjun_Yi,Yes,0.00661154,0.02008649,+0.01347496,nan,nan,+nan,0.9851,0.9851,+0.0000
Wav2Vec2_BandPassSurefire,1,CalibrationDataset,No,0.28066015,0.28076750,+0.00010735,0.8245,0.8245,+0.0000,0.2271,0.2271,+0.0000
Wav2Vec2_BandPassSurefire,1,DronePrint,Yes,0.28066015,0.29424325,+0.01358310,nan,nan,+nan,0.4603,0.4603,+0.0000
Wav2Vec2_BandPassSurefire,1,Emo,Yes,0.28066015,0.31922513,+0.03856498,nan,nan,+nan,0.0624,0.0624,+0.0000
Wav2Vec2_BandPassSurefire,1,ESC-50,Yes,0.28066015,0.39989147,+0.11923132,nan,nan,+nan,0.0496,0.0496,+0.0000
Wav2Vec2_BandPassSurefire,1,Fusion,No,0.28066015,0.23980679,-0.04085336,0.5920,0.9672,+0.3752,0.4702,0.4702,+0.0000
Wav2Vec2_BandPassSurefire,1,H-2,Yes,0.28066015,0.17709085,-0.10356930,nan,nan,+nan,0.5569,0.5569,+0.0000
Wav2Vec2_BandPassSurefire,1,Authors,No,0.28066015,0.24442865,-0.03623150,0.4667,0.8182,+0.3515,0.4273,0.4273,+0.0000
Wav2Vec2_BandPassSurefire,1,S&E,No,0.28066015,0.24613443,-0.03452572,0.4375,0.6230,+0.1855,0.2217,0.2217,+0.0000
Wav2Vec2_BandPassSurefire,1,UrbanSound,Yes,0.28066015,0.39223984,+0.11157969,nan,nan,+nan,0.0583,0.0583,+0.0000
Wav2Vec2_BandPassSurefire,1,Wonjun_Yi,Yes,0.28066015,0.22152682,-0.05913333,nan,nan,+nan,0.5213,0.5213,+0.0000
Wav2Vec2_BandPassSurefire,10,CalibrationDataset,No,0.02587248,0.02587248,+0.00000000,0.8487,0.8487,+0.0000,0.3407,0.3407,+0.0000
Wav2Vec2_BandPassSurefire,10,DronePrint,Yes,0.02587248,0.07297452,+0.04710205,nan,nan,+nan,0.8093,0.8093,+0.0000
Wav2Vec2_BandPassSurefire,10,Emo,Yes,0.02587248,0.11764508,+0.09177260,nan,nan,+nan,0.0007,0.0007,+0.0000
Wav2Vec2_BandPassSurefire,10,ESC-50,Yes,0.02587248,0.22278297,+0.19691049,nan,nan,+nan,0.0003,0.0003,+0.0000
Wav2Vec2_BandPassSurefire,10,Fusion,No,0.02587248,0.02000281,-0.00586967,0.7309,0.8176,+0.0867,0.8329,0.8329,+0.0000
Wav2Vec2_BandPassSurefire,10,H-2,Yes,0.02587248,0.02003396,-0.00583852,nan,nan,+nan,0.9524,0.9524,+0.0000
Wav2Vec2_BandPassSurefire,10,Authors,No,0.02587248,0.02587248,+0.00000000,0.6452,0.6452,+0.0000,0.7338,0.7338,+0.0000
Wav2Vec2_BandPassSurefire,10,S&E,No,0.02587248,0.02803528,+0.00216280,0.5000,0.5294,+0.0294,0.3184,0.3184,+0.0000
Wav2Vec2_BandPassSurefire,10,UrbanSound,Yes,0.02587248,0.26633910,+0.24046662,nan,nan,+nan,0.0007,0.0007,+0.0000
Wav2Vec2_BandPassSurefire,10,Wonjun_Yi,Yes,0.02587248,0.02000431,-0.00586817,nan,nan,+nan,0.9379,0.9379,+0.0000
Wav2Vec2_BandPassSurefire,15,CalibrationDataset,No,0.00466282,0.02210855,+0.01744573,0.8280,0.0000,-0.8280,0.3734,0.3734,+0.0000
Wav2Vec2_BandPassSurefire,15,DronePrint,Yes,0.00466282,0.02149199,+0.01682918,nan,nan,+nan,0.9690,0.9690,+0.0000
Wav2Vec2_BandPassSurefire,15,Emo,Yes,0.00466282,0.02000050,+0.01533768,nan,nan,+nan,0.0000,0.0000,+0.0000
Wav2Vec2_BandPassSurefire,15,ESC-50,Yes,0.00466282,0.02765168,+0.02298886,nan,nan,+nan,0.0000,0.0000,+0.0000
Wav2Vec2_BandPassSurefire,15,Fusion,No,0.00466282,0.02032420,+0.01566138,0.6699,0.0019,-0.6680,0.8776,0.8776,+0.0000
Wav2Vec2_BandPassSurefire,15,H-2,Yes,0.00466282,0.02028028,+0.01561746,nan,nan,+nan,0.9895,0.9895,+0.0000
Wav2Vec2_BandPassSurefire,15,Authors,No,0.00466282,0.00466282,+0.00000000,0.6250,0.6250,+0.0000,0.7683,0.7683,+0.0000
Wav2Vec2_BandPassSurefire,15,S&E,No,0.00466282,0.02042576,+0.01576294,0.4737,0.0000,-0.4737,0.3348,0.3348,+0.0000
Wav2Vec2_BandPassSurefire,15,UrbanSound,Yes,0.00466282,0.06612060,+0.06145778,nan,nan,+nan,0.0000,0.0000,+0.0000
Wav2Vec2_BandPassSurefire,15,Wonjun_Yi,Yes,0.00466282,0.02502688,+0.02036406,nan,nan,+nan,0.9889,0.9889,+0.0000
Wav2Vec2_BandPassSurefire,20,CalibrationDataset,No,0.00160137,0.00160137,+0.00000000,0.7312,0.7312,+0.0000,0.3786,0.3786,+0.0000
Wav2Vec2_BandPassSurefire,20,DronePrint,Yes,0.00160137,0.00160137,+0.00000000,nan,nan,+nan,0.9908,0.9908,+0.0000
Wav2Vec2_BandPassSurefire,20,Emo,Yes,0.00160137,0.00160137,+0.00000000,nan,nan,+nan,0.0000,0.0000,+0.0000
Wav2Vec2_BandPassSurefire,20,ESC-50,Yes,0.00160137,0.00160137,+0.00000000,nan,nan,+nan,0.0000,0.0000,+0.0000
Wav2Vec2_BandPassSurefire,20,Fusion,No,0.00160137,0.02217830,+0.02057693,0.5133,0.0000,-0.5133,0.8846,0.8846,+0.0000
Wav2Vec2_BandPassSurefire,20,H-2,Yes,0.00160137,0.00160137,+0.00000000,nan,nan,+nan,0.9960,0.9960,+0.0000
Wav2Vec2_BandPassSurefire,20,Authors,No,0.00160137,0.00160137,+0.00000000,0.6667,0.6667,+0.0000,0.7742,0.7742,+0.0000
Wav2Vec2_BandPassSurefire,20,S&E,No,0.00160137,0.00160137,+0.00000000,0.4390,0.4390,+0.0000,0.3377,0.3377,+0.0000
Wav2Vec2_BandPassSurefire,20,UrbanSound,Yes,0.00160137,0.02217830,+0.02057693,nan,nan,+nan,0.0000,0.0000,+0.0000
Wav2Vec2_BandPassSurefire,20,Wonjun_Yi,Yes,0.00160137,0.00160137,+0.00000000,nan,nan,+nan,0.9968,0.9968,+0.0000
Wav2Vec2_BandPassSurefire,5,CalibrationDataset,No,0.33254519,0.33254519,+0.00000000,0.8585,0.8585,+0.0000,0.1332,0.1332,+0.0000
Wav2Vec2_BandPassSurefire,5,DronePrint,Yes,0.33254519,0.41288492,+0.08033973,nan,nan,+nan,0.1576,0.1576,+0.0000
Wav2Vec2_BandPassSurefire,5,Emo,Yes,0.33254519,0.74277170,+0.41022651,nan,nan,+nan,0.0429,0.0429,+0.0000
Wav2Vec2_BandPassSurefire,5,ESC-50,Yes,0.33254519,0.80132955,+0.46878436,nan,nan,+nan,0.0207,0.0207,+0.0000
Wav2Vec2_BandPassSurefire,5,Fusion,No,0.33254519,0.06810170,-0.26444349,0.6185,0.9583,+0.3399,0.4281,0.4281,+0.0000
Wav2Vec2_BandPassSurefire,5,H-2,Yes,0.33254519,0.02020855,-0.31233664,nan,nan,+nan,0.6735,0.6735,+0.0000
Wav2Vec2_BandPassSurefire,5,Authors,No,0.33254519,0.05531185,-0.27723334,0.3846,0.8936,+0.5090,0.4685,0.4685,+0.0000
Wav2Vec2_BandPassSurefire,5,S&E,No,0.33254519,0.07910314,-0.25344206,0.3448,0.6909,+0.3461,0.2317,0.2317,+0.0000
Wav2Vec2_BandPassSurefire,5,UrbanSound,Yes,0.33254519,0.87759360,+0.54504841,nan,nan,+nan,0.0391,0.0391,+0.0000
Wav2Vec2_BandPassSurefire,5,Wonjun_Yi,Yes,0.33254519,0.02041239,-0.31213280,nan,nan,+nan,0.4702,0.4702,+0.0000
Wav2Vec2_Clipped,1,CalibrationDataset,No,0.12388600,0.12388600,+0.00000000,0.2305,0.2305,+0.0000,0.3398,0.3398,+0.0000
Wav2Vec2_Clipped,1,DronePrint,Yes,0.12388600,0.14661106,+0.02272506,nan,nan,+nan,0.3667,0.3667,+0.0000
Wav2Vec2_Clipped,1,Emo,Yes,0.12388600,0.39353040,+0.26964440,nan,nan,+nan,0.0210,0.0210,+0.0000
Wav2Vec2_Clipped,1,ESC-50,Yes,0.12388600,0.77754414,+0.65365814,nan,nan,+nan,0.0095,0.0095,+0.0000
Wav2Vec2_Clipped,1,Fusion,No,0.12388600,0.07747337,-0.04641263,0.0561,0.0676,+0.0115,0.8260,0.8260,+0.0000
Wav2Vec2_Clipped,1,H-2,Yes,0.12388600,0.04355912,-0.08032688,nan,nan,+nan,0.6357,0.6357,+0.0000
Wav2Vec2_Clipped,1,Authors,No,0.12388600,0.14290560,+0.01901960,0.8000,0.8372,+0.0372,0.4602,0.4602,+0.0000
Wav2Vec2_Clipped,1,S&E,No,0.12388600,0.12388600,+0.00000000,0.4615,0.4615,+0.0000,0.2467,0.2467,+0.0000
Wav2Vec2_Clipped,1,UrbanSound,Yes,0.12388600,0.50448400,+0.38059800,nan,nan,+nan,0.0103,0.0103,+0.0000
Wav2Vec2_Clipped,1,Wonjun_Yi,Yes,0.12388600,0.02685221,-0.09703379,nan,nan,+nan,0.9410,0.9410,+0.0000
Wav2Vec2_Clipped,10,CalibrationDataset,No,0.97999400,0.02724739,-0.95274661,0.0000,0.0000,+0.0000,0.3789,0.3789,+0.0000
Wav2Vec2_Clipped,10,DronePrint,Yes,0.97999400,0.97999400,+0.00000000,nan,nan,+nan,0.9902,0.9902,+0.0000
Wav2Vec2_Clipped,10,Emo,Yes,0.97999400,0.12644571,-0.85354829,nan,nan,+nan,0.0001,0.0001,+0.0000
Wav2Vec2_Clipped,10,ESC-50,Yes,0.97999400,0.07027406,-0.90971994,nan,nan,+nan,0.0000,0.0000,+0.0000
Wav2Vec2_Clipped,10,Fusion,No,0.97999400,0.20400718,-0.77598682,0.0000,0.0000,+0.0000,0.8846,0.8846,+0.0000
Wav2Vec2_Clipped,10,H-2,Yes,0.97999400,0.02520793,-0.95478607,nan,nan,+nan,0.9890,0.9890,+0.0000
Wav2Vec2_Clipped,10,Authors,No,0.97999400,0.04685670,-0.93313730,0.0000,0.0909,+0.0909,0.7647,0.7647,+0.0000
Wav2Vec2_Clipped,10,S&E,No,0.97999400,0.02796679,-0.95202721,0.0000,0.1000,+0.1000,0.3355,0.3355,+0.0000
Wav2Vec2_Clipped,10,UrbanSound,Yes,0.97999400,0.97999400,+0.00000000,nan,nan,+nan,0.0003,0.0003,+0.0000
Wav2Vec2_Clipped,10,Wonjun_Yi,Yes,0.97999400,0.03433069,-0.94566331,nan,nan,+nan,0.9971,0.9971,+0.0000
Wav2Vec2_Clipped,15,CalibrationDataset,No,0.97999400,0.02356153,-0.95643247,0.0000,0.0032,+0.0032,0.3793,0.3793,+0.0000
Wav2Vec2_Clipped,15,DronePrint,Yes,0.97999400,0.97999400,+0.00000000,nan,nan,+nan,0.9946,0.9946,+0.0000
Wav2Vec2_Clipped,15,Emo,Yes,0.97999400,0.26665230,-0.71334170,nan,nan,+nan,0.0003,0.0003,+0.0000
Wav2Vec2_Clipped,15,ESC-50,Yes,0.97999400,0.15197162,-0.82802238,nan,nan,+nan,0.0000,0.0000,+0.0000
Wav2Vec2_Clipped,15,Fusion,No,0.97999400,0.42178193,-0.55821207,0.0000,0.0000,+0.0000,0.8853,0.8853,+0.0000
Wav2Vec2_Clipped,15,H-2,Yes,0.97999400,0.02379608,-0.95619792,nan,nan,+nan,0.9919,0.9919,+0.0000
Wav2Vec2_Clipped,15,Authors,No,0.97999400,0.05997298,-0.92002102,0.0000,0.0909,+0.0909,0.7666,0.7666,+0.0000
Wav2Vec2_Clipped,15,S&E,No,0.97999400,0.02351791,-0.95647609,0.0000,0.1000,+0.1000,0.3366,0.3366,+0.0000
Wav2Vec2_Clipped,15,UrbanSound,Yes,0.97999400,0.97999400,+0.00000000,nan,nan,+nan,0.0012,0.0012,+0.0000
Wav2Vec2_Clipped,15,Wonjun_Yi,Yes,0.97999400,0.42178193,-0.55821207,nan,nan,+nan,0.9976,0.9976,+0.0000
Wav2Vec2_Clipped,20,CalibrationDataset,No,0.97999400,0.02012932,-0.95986468,0.0000,0.0000,+0.0000,0.3794,0.3794,+0.0000
Wav2Vec2_Clipped,20,DronePrint,Yes,0.97999400,0.97999400,+0.00000000,nan,nan,+nan,0.9954,0.9954,+0.0000
Wav2Vec2_Clipped,20,Emo,Yes,0.97999400,0.10513725,-0.87485675,nan,nan,+nan,0.0001,0.0001,+0.0000
Wav2Vec2_Clipped,20,ESC-50,Yes,0.97999400,0.04632023,-0.93367377,nan,nan,+nan,0.0000,0.0000,+0.0000
Wav2Vec2_Clipped,20,Fusion,No,0.97999400,0.65410230,-0.32589170,0.0000,0.0000,+0.0000,0.8852,0.8852,+0.0000
Wav2Vec2_Clipped,20,H-2,Yes,0.97999400,0.02721636,-0.95277764,nan,nan,+nan,0.9929,0.9929,+0.0000
Wav2Vec2_Clipped,20,Authors,No,0.97999400,0.03492543,-0.94506857,0.0000,0.0909,+0.0909,0.7691,0.7691,+0.0000
Wav2Vec2_Clipped,20,S&E,No,0.97999400,0.97999400,+0.00000000,0.0000,0.0000,+0.0000,0.3371,0.3371,+0.0000
Wav2Vec2_Clipped,20,UrbanSound,Yes,0.97999400,0.97999400,+0.00000000,nan,nan,+nan,0.0002,0.0002,+0.0000
Wav2Vec2_Clipped,20,Wonjun_Yi,Yes,0.97999400,0.08045038,-0.89954362,nan,nan,+nan,0.9977,0.9977,+0.0000
Wav2Vec2_Clipped,5,CalibrationDataset,No,0.00228136,0.03453670,+0.03225534,0.5515,0.0000,-0.5515,0.3769,0.3769,+0.0000
Wav2Vec2_Clipped,5,DronePrint,Yes,0.00228136,0.02085550,+0.01857413,nan,nan,+nan,0.9741,0.9741,+0.0000
Wav2Vec2_Clipped,5,Emo,Yes,0.00228136,0.10259761,+0.10031625,nan,nan,+nan,0.0003,0.0003,+0.0000
Wav2Vec2_Clipped,5,ESC-50,Yes,0.00228136,0.07127132,+0.06898995,nan,nan,+nan,0.0001,0.0001,+0.0000
Wav2Vec2_Clipped,5,Fusion,No,0.00228136,0.10259761,+0.10031625,0.9404,0.0000,-0.9404,0.8814,0.8814,+0.0000
Wav2Vec2_Clipped,5,H-2,Yes,0.00228136,0.03998031,+0.03769895,nan,nan,+nan,0.9773,0.9773,+0.0000
Wav2Vec2_Clipped,5,Authors,No,0.00228136,0.02073188,+0.01845051,0.8750,0.2500,-0.6250,0.7533,0.7533,+0.0000
Wav2Vec2_Clipped,5,S&E,No,0.00228136,0.03105331,+0.02877195,0.5067,0.0952,-0.4114,0.3312,0.3312,+0.0000
Wav2Vec2_Clipped,5,UrbanSound,Yes,0.00228136,0.71637285,+0.71409149,nan,nan,+nan,0.0002,0.0002,+0.0000
Wav2Vec2_Clipped,5,Wonjun_Yi,Yes,0.00228136,0.00228136,+0.00000000,nan,nan,+nan,0.9938,0.9938,+0.0000
Wav2Vec2_GaussianAndBandPass,1,CalibrationDataset,No,0.20276141,0.20114721,-0.00161420,0.8786,0.8794,+0.0008,0.2592,0.2592,+0.0000
Wav2Vec2_GaussianAndBandPass,1,DronePrint,Yes,0.20276141,0.18843219,-0.01432922,nan,nan,+nan,0.6209,0.6209,+0.0000
Wav2Vec2_GaussianAndBandPass,1,Emo,Yes,0.20276141,0.21028538,+0.00752397,nan,nan,+nan,0.0321,0.0321,+0.0000
Wav2Vec2_GaussianAndBandPass,1,ESC-50,Yes,0.20276141,0.22062266,+0.01786125,nan,nan,+nan,0.0309,0.0309,+0.0000
Wav2Vec2_GaussianAndBandPass,1,Fusion,No,0.20276141,0.20137395,-0.00138746,0.9765,0.9775,+0.0010,0.5591,0.5591,+0.0000
Wav2Vec2_GaussianAndBandPass,1,H-2,Yes,0.20276141,0.16319150,-0.03956991,nan,nan,+nan,0.6593,0.6593,+0.0000
Wav2Vec2_GaussianAndBandPass,1,Authors,No,0.20276141,0.17489877,-0.02786264,0.3077,0.8696,+0.5619,0.5194,0.5194,+0.0000
Wav2Vec2_GaussianAndBandPass,1,S&E,No,0.20276141,0.17292975,-0.02983166,0.0800,0.3824,+0.3024,0.2506,0.2506,+0.0000
Wav2Vec2_GaussianAndBandPass,1,UrbanSound,Yes,0.20276141,0.22886382,+0.02610241,nan,nan,+nan,0.0346,0.0346,+0.0000
Wav2Vec2_GaussianAndBandPass,1,Wonjun_Yi,Yes,0.20276141,0.19977175,-0.00298966,nan,nan,+nan,0.6245,0.6245,+0.0000
Wav2Vec2_GaussianAndBandPass,10,CalibrationDataset,No,0.00554129,0.02057789,+0.01503661,0.5589,0.4707,-0.0881,0.3598,0.3598,+0.0000
Wav2Vec2_GaussianAndBandPass,10,DronePrint,Yes,0.00554129,0.05718284,+0.05164155,nan,nan,+nan,0.8245,0.8245,+0.0000
Wav2Vec2_GaussianAndBandPass,10,Emo,Yes,0.00554129,0.18712027,+0.18157898,nan,nan,+nan,0.0021,0.0021,+0.0000
Wav2Vec2_GaussianAndBandPass,10,ESC-50,Yes,0.00554129,0.21360774,+0.20806645,nan,nan,+nan,0.0009,0.0009,+0.0000
Wav2Vec2_GaussianAndBandPass,10,Fusion,No,0.00554129,0.02000452,+0.01446323,0.8469,0.1326,-0.7142,0.8695,0.8695,+0.0000
Wav2Vec2_GaussianAndBandPass,10,H-2,Yes,0.00554129,0.02001540,+0.01447411,nan,nan,+nan,0.9554,0.9554,+0.0000
Wav2Vec2_GaussianAndBandPass,10,Authors,No,0.00554129,0.02482921,+0.01928792,0.8511,0.6250,-0.2261,0.7338,0.7338,+0.0000
Wav2Vec2_GaussianAndBandPass,10,S&E,No,0.00554129,0.02377520,+0.01823392,0.5067,0.4082,-0.0985,0.3195,0.3195,+0.0000
Wav2Vec2_GaussianAndBandPass,10,UrbanSound,Yes,0.00554129,0.37159583,+0.36605454,nan,nan,+nan,0.0027,0.0027,+0.0000
Wav2Vec2_GaussianAndBandPass,10,Wonjun_Yi,Yes,0.00554129,0.02000452,+0.01446323,nan,nan,+nan,0.9804,0.9804,+0.0000
Wav2Vec2_GaussianAndBandPass,15,CalibrationDataset,No,0.00458697,0.04393937,+0.03935240,0.7637,0.0000,-0.7637,0.3741,0.3741,+0.0000
Wav2Vec2_GaussianAndBandPass,15,DronePrint,Yes,0.00458697,0.02116715,+0.01658018,nan,nan,+nan,0.9604,0.9604,+0.0000
Wav2Vec2_GaussianAndBandPass,15,Emo,Yes,0.00458697,0.04336475,+0.03877778,nan,nan,+nan,0.0001,0.0001,+0.0000
Wav2Vec2_GaussianAndBandPass,15,ESC-50,Yes,0.00458697,0.05095213,+0.04636517,nan,nan,+nan,0.0000,0.0000,+0.0000
Wav2Vec2_GaussianAndBandPass,15,Fusion,No,0.00458697,0.02028196,+0.01569499,0.3823,0.0050,-0.3772,0.8801,0.8801,+0.0000
Wav2Vec2_GaussianAndBandPass,15,H-2,Yes,0.00458697,0.02002970,+0.01544273,nan,nan,+nan,0.9897,0.9897,+0.0000
Wav2Vec2_GaussianAndBandPass,15,Authors,No,0.00458697,0.02351782,+0.01893085,0.6857,0.0909,-0.5948,0.7677,0.7677,+0.0000
Wav2Vec2_GaussianAndBandPass,15,S&E,No,0.00458697,0.02606501,+0.02147804,0.4783,0.0870,-0.3913,0.3340,0.3340,+0.0000
Wav2Vec2_GaussianAndBandPass,15,UrbanSound,Yes,0.00458697,0.12720366,+0.12261669,nan,nan,+nan,0.0002,0.0002,+0.0000
Wav2Vec2_GaussianAndBandPass,15,Wonjun_Yi,Yes,0.00458697,0.02011337,+0.01552640,nan,nan,+nan,0.9918,0.9918,+0.0000
Wav2Vec2_GaussianAndBandPass,20,CalibrationDataset,No,0.00183351,0.02562887,+0.02379536,0.6806,0.0000,-0.6806,0.3788,0.3788,+0.0000
Wav2Vec2_GaussianAndBandPass,20,DronePrint,Yes,0.00183351,0.00183351,+0.00000000,nan,nan,+nan,0.9889,0.9889,+0.0000
Wav2Vec2_GaussianAndBandPass,20,Emo,Yes,0.00183351,0.00183351,+0.00000000,nan,nan,+nan,0.0000,0.0000,+0.0000
Wav2Vec2_GaussianAndBandPass,20,ESC-50,Yes,0.00183351,0.00183351,+0.00000000,nan,nan,+nan,0.0000,0.0000,+0.0000
Wav2Vec2_GaussianAndBandPass,20,Fusion,No,0.00183351,0.03399141,+0.03215790,0.3642,0.0000,-0.3642,0.8844,0.8844,+0.0000
Wav2Vec2_GaussianAndBandPass,20,H-2,Yes,0.00183351,0.00183351,+0.00000000,nan,nan,+nan,0.9957,0.9957,+0.0000
Wav2Vec2_GaussianAndBandPass,20,Authors,No,0.00183351,0.00183351,+0.00000000,0.7568,0.7568,+0.0000,0.7738,0.7738,+0.0000
Wav2Vec2_GaussianAndBandPass,20,S&E,No,0.00183351,0.00183351,+0.00000000,0.4151,0.4151,+0.0000,0.3374,0.3374,+0.0000
Wav2Vec2_GaussianAndBandPass,20,UrbanSound,Yes,0.00183351,0.05212225,+0.05028874,nan,nan,+nan,0.0000,0.0000,+0.0000
Wav2Vec2_GaussianAndBandPass,20,Wonjun_Yi,Yes,0.00183351,0.02112235,+0.01928884,nan,nan,+nan,0.9966,0.9966,+0.0000
Wav2Vec2_GaussianAndBandPass,5,CalibrationDataset,No,0.31621444,0.31621444,+0.00000000,0.7909,0.7909,+0.0000,0.2283,0.2283,+0.0000
Wav2Vec2_GaussianAndBandPass,5,DronePrint,Yes,0.31621444,0.42273960,+0.10652516,nan,nan,+nan,0.2644,0.2644,+0.0000
Wav2Vec2_GaussianAndBandPass,5,Emo,Yes,0.31621444,0.55686630,+0.24065186,nan,nan,+nan,0.0997,0.0997,+0.0000
Wav2Vec2_GaussianAndBandPass,5,ESC-50,Yes,0.31621444,0.67724340,+0.36102896,nan,nan,+nan,0.0721,0.0721,+0.0000
Wav2Vec2_GaussianAndBandPass,5,Fusion,No,0.31621444,0.25915320,-0.05706124,0.6313,0.9472,+0.3158,0.4295,0.4295,+0.0000
Wav2Vec2_GaussianAndBandPass,5,H-2,Yes,0.31621444,0.11058410,-0.20563034,nan,nan,+nan,0.4834,0.4834,+0.0000
Wav2Vec2_GaussianAndBandPass,5,Authors,No,0.31621444,0.27644494,-0.03976950,0.5333,0.8889,+0.3556,0.3751,0.3751,+0.0000
Wav2Vec2_GaussianAndBandPass,5,S&E,No,0.31621444,0.29292738,-0.02328706,0.4390,0.5667,+0.1276,0.2218,0.2218,+0.0000
Wav2Vec2_GaussianAndBandPass,5,UrbanSound,Yes,0.31621444,0.75408530,+0.43787086,nan,nan,+nan,0.0949,0.0949,+0.0000
Wav2Vec2_GaussianAndBandPass,5,Wonjun_Yi,Yes,0.31621444,0.24597615,-0.07023829,nan,nan,+nan,0.4720,0.4720,+0.0000
Wav2Vec2_GaussianNoise,1,CalibrationDataset,No,0.30406919,0.30751356,+0.00344437,0.8953,0.8961,+0.0008,0.2227,0.2227,+0.0000
Wav2Vec2_GaussianNoise,1,DronePrint,Yes,0.30406919,0.24761128,-0.05645791,nan,nan,+nan,0.5317,0.5317,+0.0000
Wav2Vec2_GaussianNoise,1,Emo,Yes,0.30406919,0.28876644,-0.01530275,nan,nan,+nan,0.0583,0.0583,+0.0000
Wav2Vec2_GaussianNoise,1,ESC-50,Yes,0.30406919,0.30406919,+0.00000000,nan,nan,+nan,0.0543,0.0543,+0.0000
Wav2Vec2_GaussianNoise,1,Fusion,No,0.30406919,0.30169960,-0.00236959,0.9770,0.9788,+0.0018,0.4318,0.4318,+0.0000
Wav2Vec2_GaussianNoise,1,H-2,Yes,0.30406919,0.17700614,-0.12706305,nan,nan,+nan,0.5971,0.5971,+0.0000
Wav2Vec2_GaussianNoise,1,Authors,No,0.30406919,0.20335680,-0.10071239,0.0000,0.8936,+0.8936,0.4699,0.4699,+0.0000
Wav2Vec2_GaussianNoise,1,S&E,No,0.30406919,0.21493737,-0.08913182,0.0000,0.6333,+0.6333,0.2303,0.2303,+0.0000
Wav2Vec2_GaussianNoise,1,UrbanSound,Yes,0.30406919,0.32692224,+0.02285305,nan,nan,+nan,0.0649,0.0649,+0.0000
Wav2Vec2_GaussianNoise,1,Wonjun_Yi,Yes,0.30406919,0.29657903,-0.00749016,nan,nan,+nan,0.4739,0.4739,+0.0000
Wav2Vec2_GaussianNoise,10,CalibrationDataset,No,0.02706548,0.02706548,+0.00000000,0.8351,0.8351,+0.0000,0.2476,0.2476,+0.0000
Wav2Vec2_GaussianNoise,10,DronePrint,Yes,0.02706548,0.02622270,-0.00084278,nan,nan,+nan,0.8352,0.8352,+0.0000
Wav2Vec2_GaussianNoise,10,Emo,Yes,0.02706548,0.23052047,+0.20345499,nan,nan,+nan,0.0013,0.0013,+0.0000
Wav2Vec2_GaussianNoise,10,ESC-50,Yes,0.02706548,0.35736367,+0.33029819,nan,nan,+nan,0.0004,0.0004,+0.0000
Wav2Vec2_GaussianNoise,10,Fusion,No,0.02706548,0.02000113,-0.00706435,0.6484,0.7224,+0.0739,0.8000,0.8000,+0.0000
Wav2Vec2_GaussianNoise,10,H-2,Yes,0.02706548,0.02002807,-0.00703740,nan,nan,+nan,0.9749,0.9749,+0.0000
Wav2Vec2_GaussianNoise,10,Authors,No,0.02706548,0.02706548,+0.00000000,0.3200,0.3200,+0.0000,0.7502,0.7502,+0.0000
Wav2Vec2_GaussianNoise,10,S&E,No,0.02706548,0.02706548,+0.00000000,0.3125,0.3125,+0.0000,0.3268,0.3268,+0.0000
Wav2Vec2_GaussianNoise,10,UrbanSound,Yes,0.02706548,0.90331405,+0.87624857,nan,nan,+nan,0.0039,0.0039,+0.0000
Wav2Vec2_GaussianNoise,10,Wonjun_Yi,Yes,0.02706548,0.02000113,-0.00706435,nan,nan,+nan,0.8982,0.8982,+0.0000
Wav2Vec2_GaussianNoise,15,CalibrationDataset,No,0.00406790,0.02028059,+0.01621268,0.7521,0.4934,-0.2587,0.3669,0.3669,+0.0000
Wav2Vec2_GaussianNoise,15,DronePrint,Yes,0.00406790,0.02360072,+0.01953282,nan,nan,+nan,0.9830,0.9830,+0.0000
Wav2Vec2_GaussianNoise,15,Emo,Yes,0.00406790,0.02898248,+0.02491458,nan,nan,+nan,0.0000,0.0000,+0.0000
Wav2Vec2_GaussianNoise,15,ESC-50,Yes,0.00406790,0.03968929,+0.03562139,nan,nan,+nan,0.0000,0.0000,+0.0000
Wav2Vec2_GaussianNoise,15,Fusion,No,0.00406790,0.02000150,+0.01593360,0.3925,0.0650,-0.3275,0.8796,0.8796,+0.0000
Wav2Vec2_GaussianNoise,15,H-2,Yes,0.00406790,0.02038399,+0.01631609,nan,nan,+nan,0.9956,0.9956,+0.0000
Wav2Vec2_GaussianNoise,15,Authors,No,0.00406790,0.00406790,+0.00000000,0.3846,0.3846,+0.0000,0.7726,0.7726,+0.0000
Wav2Vec2_GaussianNoise,15,S&E,No,0.00406790,0.02146932,+0.01740142,0.3158,0.0000,-0.3158,0.3368,0.3368,+0.0000
Wav2Vec2_GaussianNoise,15,UrbanSound,Yes,0.00406790,0.70098877,+0.69692087,nan,nan,+nan,0.0002,0.0002,+0.0000
Wav2Vec2_GaussianNoise,15,Wonjun_Yi,Yes,0.00406790,0.02000150,+0.01593360,nan,nan,+nan,0.9910,0.9910,+0.0000
Wav2Vec2_GaussianNoise,20,CalibrationDataset,No,0.00063056,0.00063056,+0.00000000,0.5548,0.5548,+0.0000,0.3794,0.3794,+0.0000
Wav2Vec2_GaussianNoise,20,DronePrint,Yes,0.00063056,0.00063056,+0.00000000,nan,nan,+nan,0.9961,0.9961,+0.0000
Wav2Vec2_GaussianNoise,20,Emo,Yes,0.00063056,0.00063056,+0.00000000,nan,nan,+nan,0.0000,0.0000,+0.0000
Wav2Vec2_GaussianNoise,20,ESC-50,Yes,0.00063056,0.00063056,+0.00000000,nan,nan,+nan,0.0000,0.0000,+0.0000
Wav2Vec2_GaussianNoise,20,Fusion,No,0.00063056,0.06537316,+0.06474260,0.7640,0.0000,-0.7640,0.8860,0.8860,+0.0000
Wav2Vec2_GaussianNoise,20,H-2,Yes,0.00063056,0.00063056,+0.00000000,nan,nan,+nan,0.9983,0.9983,+0.0000
Wav2Vec2_GaussianNoise,20,Authors,No,0.00063056,0.00063056,+0.00000000,0.8750,0.8750,+0.0000,0.7760,0.7760,+0.0000
Wav2Vec2_GaussianNoise,20,S&E,No,0.00063056,0.00063056,+0.00000000,0.5067,0.5067,+0.0000,0.3385,0.3385,+0.0000
Wav2Vec2_GaussianNoise,20,UrbanSound,Yes,0.00063056,0.18184866,+0.18121810,nan,nan,+nan,0.0000,0.0000,+0.0000
Wav2Vec2_GaussianNoise,20,Wonjun_Yi,Yes,0.00063056,0.02065826,+0.02002770,nan,nan,+nan,0.9984,0.9984,+0.0000
Wav2Vec2_GaussianNoise,5,CalibrationDataset,No,0.54113591,0.54257840,+0.00144249,0.8537,0.8537,+0.0000,0.1019,0.1019,+0.0000
Wav2Vec2_GaussianNoise,5,DronePrint,Yes,0.54113591,0.23767711,-0.30345880,nan,nan,+nan,0.2706,0.2706,+0.0000
Wav2Vec2_GaussianNoise,5,Emo,Yes,0.54113591,0.69699300,+0.15585709,nan,nan,+nan,0.0268,0.0268,+0.0000
Wav2Vec2_GaussianNoise,5,ESC-50,Yes,0.54113591,0.82052470,+0.27938879,nan,nan,+nan,0.0108,0.0108,+0.0000
Wav2Vec2_GaussianNoise,5,Fusion,No,0.54113591,0.02734187,-0.51379404,0.6548,0.9705,+0.3157,0.2762,0.2762,+0.0000
Wav2Vec2_GaussianNoise,5,H-2,Yes,0.54113591,0.02004213,-0.52109378,nan,nan,+nan,0.8492,0.8492,+0.0000
Wav2Vec2_GaussianNoise,5,Authors,No,0.54113591,0.10285112,-0.43828479,0.0000,0.5000,+0.5000,0.6100,0.6100,+0.0000
Wav2Vec2_GaussianNoise,5,S&E,No,0.54113591,0.11563919,-0.42549672,0.0870,0.4571,+0.3702,0.2916,0.2916,+0.0000
Wav2Vec2_GaussianNoise,5,UrbanSound,Yes,0.54113591,0.86745596,+0.32632005,nan,nan,+nan,0.0322,0.0322,+0.0000
Wav2Vec2_GaussianNoise,5,Wonjun_Yi,Yes,0.54113591,0.02015315,-0.52098276,nan,nan,+nan,0.2864,0.2864,+0.0000
Wav2Vec2_Vanilla,1,CalibrationDataset,No,0.32823363,0.32823363,+0.00000000,0.8604,0.8604,+0.0000,0.2038,0.2038,+0.0000
Wav2Vec2_Vanilla,1,DronePrint,Yes,0.32823363,0.28445908,-0.04377455,nan,nan,+nan,0.4551,0.4551,+0.0000
Wav2Vec2_Vanilla,1,Emo,Yes,0.32823363,0.32835868,+0.00012505,nan,nan,+nan,0.0623,0.0623,+0.0000
Wav2Vec2_Vanilla,1,ESC-50,Yes,0.32823363,0.39795540,+0.06972177,nan,nan,+nan,0.0492,0.0492,+0.0000
Wav2Vec2_Vanilla,1,Fusion,No,0.32823363,0.28658970,-0.04164393,0.7535,0.9746,+0.2210,0.4035,0.4035,+0.0000
Wav2Vec2_Vanilla,1,H-2,Yes,0.32823363,0.18360016,-0.14463347,nan,nan,+nan,0.5596,0.5596,+0.0000
Wav2Vec2_Vanilla,1,Authors,No,0.32823363,0.22692542,-0.10130821,0.0000,0.8936,+0.8936,0.4316,0.4316,+0.0000
Wav2Vec2_Vanilla,1,S&E,No,0.32823363,0.24450704,-0.08372659,0.0000,0.7037,+0.7037,0.2220,0.2220,+0.0000
Wav2Vec2_Vanilla,1,UrbanSound,Yes,0.32823363,0.44000918,+0.11177555,nan,nan,+nan,0.0613,0.0613,+0.0000
Wav2Vec2_Vanilla,1,Wonjun_Yi,Yes,0.32823363,0.26813343,-0.06010020,nan,nan,+nan,0.4428,0.4428,+0.0000
Wav2Vec2_Vanilla,10,CalibrationDataset,No,0.02434713,0.02375309,-0.00059404,0.8467,0.8472,+0.0005,0.3284,0.3284,+0.0000
Wav2Vec2_Vanilla,10,DronePrint,Yes,0.02434713,0.03129824,+0.00695111,nan,nan,+nan,0.8438,0.8438,+0.0000
Wav2Vec2_Vanilla,10,Emo,Yes,0.02434713,0.11253475,+0.08818762,nan,nan,+nan,0.0004,0.0004,+0.0000
Wav2Vec2_Vanilla,10,ESC-50,Yes,0.02434713,0.25937277,+0.23502564,nan,nan,+nan,0.0003,0.0003,+0.0000
Wav2Vec2_Vanilla,10,Fusion,No,0.02434713,0.02000284,-0.00434429,0.6462,0.7110,+0.0648,0.8352,0.8352,+0.0000
Wav2Vec2_Vanilla,10,H-2,Yes,0.02434713,0.02007572,-0.00427141,nan,nan,+nan,0.9689,0.9689,+0.0000
Wav2Vec2_Vanilla,10,Authors,No,0.02434713,0.02434713,+0.00000000,0.4444,0.4444,+0.0000,0.7479,0.7479,+0.0000
Wav2Vec2_Vanilla,10,S&E,No,0.02434713,0.02434713,+0.00000000,0.5161,0.5161,+0.0000,0.3254,0.3254,+0.0000
Wav2Vec2_Vanilla,10,UrbanSound,Yes,0.02434713,0.72304773,+0.69870060,nan,nan,+nan,0.0010,0.0010,+0.0000
Wav2Vec2_Vanilla,10,Wonjun_Yi,Yes,0.02434713,0.02000284,-0.00434429,nan,nan,+nan,0.9400,0.9400,+0.0000
Wav2Vec2_Vanilla,15,CalibrationDataset,No,0.00047439,0.02736934,+0.02689495,0.6426,0.0032,-0.6394,0.3796,0.3796,+0.0000
Wav2Vec2_Vanilla,15,DronePrint,Yes,0.00047439,0.02064655,+0.02017215,nan,nan,+nan,0.9861,0.9861,+0.0000
Wav2Vec2_Vanilla,15,Emo,Yes,0.00047439,0.00047439,+0.00000000,nan,nan,+nan,0.0000,0.0000,+0.0000
Wav2Vec2_Vanilla,15,ESC-50,Yes,0.00047439,0.03997797,+0.03950357,nan,nan,+nan,0.0000,0.0000,+0.0000
Wav2Vec2_Vanilla,15,Fusion,No,0.00047439,0.02064655,+0.02017215,0.7330,0.0011,-0.7319,0.8857,0.8857,+0.0000
Wav2Vec2_Vanilla,15,H-2,Yes,0.00047439,0.02230541,+0.02183101,nan,nan,+nan,0.9963,0.9963,+0.0000
Wav2Vec2_Vanilla,15,Authors,No,0.00047439,0.02389915,+0.02342476,0.8511,0.0909,-0.7602,0.7736,0.7736,+0.0000
Wav2Vec2_Vanilla,15,S&E,No,0.00047439,0.00047439,+0.00000000,0.4348,0.4348,+0.0000,0.3376,0.3376,+0.0000
Wav2Vec2_Vanilla,15,UrbanSound,Yes,0.00047439,0.33095548,+0.33048109,nan,nan,+nan,0.0001,0.0001,+0.0000
Wav2Vec2_Vanilla,15,Wonjun_Yi,Yes,0.00047439,0.07195637,+0.07148198,nan,nan,+nan,0.9981,0.9981,+0.0000
Wav2Vec2_Vanilla,20,CalibrationDataset,No,0.00018674,0.00018674,+0.00000000,0.5555,0.5555,+0.0000,0.3805,0.3805,+0.0000
Wav2Vec2_Vanilla,20,DronePrint,Yes,0.00018674,0.00018674,+0.00000000,nan,nan,+nan,0.9979,0.9979,+0.0000
Wav2Vec2_Vanilla,20,Emo,Yes,0.00018674,0.00018674,+0.00000000,nan,nan,+nan,0.0000,0.0000,+0.0000
Wav2Vec2_Vanilla,20,ESC-50,Yes,0.00018674,0.00018674,+0.00000000,nan,nan,+nan,0.0000,0.0000,+0.0000
Wav2Vec2_Vanilla,20,Fusion,No,0.00018674,0.02492655,+0.02473982,0.8501,0.0000,-0.8501,0.8870,0.8870,+0.0000
Wav2Vec2_Vanilla,20,H-2,Yes,0.00018674,0.00018674,+0.00000000,nan,nan,+nan,0.9990,0.9990,+0.0000
Wav2Vec2_Vanilla,20,Authors,No,0.00018674,0.00018674,+0.00000000,0.8750,0.8750,+0.0000,0.7768,0.7768,+0.0000
Wav2Vec2_Vanilla,20,S&E,No,0.00018674,0.00018674,+0.00000000,0.5067,0.5067,+0.0000,0.3389,0.3389,+0.0000
Wav2Vec2_Vanilla,20,UrbanSound,Yes,0.00018674,0.08609464,+0.08590790,nan,nan,+nan,0.0000,0.0000,+0.0000
Wav2Vec2_Vanilla,20,Wonjun_Yi,Yes,0.00018674,0.00018674,+0.00000000,nan,nan,+nan,0.9996,0.9996,+0.0000
Wav2Vec2_Vanilla,5,CalibrationDataset,No,0.34963050,0.35469980,+0.00506930,0.8562,0.8562,+0.0000,0.1384,0.1384,+0.0000
Wav2Vec2_Vanilla,5,DronePrint,Yes,0.34963050,0.26588514,-0.08374536,nan,nan,+nan,0.2340,0.2340,+0.0000
Wav2Vec2_Vanilla,5,Emo,Yes,0.34963050,0.73350820,+0.38387770,nan,nan,+nan,0.0279,0.0279,+0.0000
Wav2Vec2_Vanilla,5,ESC-50,Yes,0.34963050,0.79943890,+0.44980840,nan,nan,+nan,0.0119,0.0119,+0.0000
Wav2Vec2_Vanilla,5,Fusion,No,0.34963050,0.02820095,-0.32142956,0.4845,0.9661,+0.4816,0.4768,0.4768,+0.0000
Wav2Vec2_Vanilla,5,H-2,Yes,0.34963050,0.02000481,-0.32962569,nan,nan,+nan,0.8036,0.8036,+0.0000
Wav2Vec2_Vanilla,5,Authors,No,0.34963050,0.02551997,-0.32411053,0.3200,0.8293,+0.5093,0.5729,0.5729,+0.0000
Wav2Vec2_Vanilla,5,S&E,No,0.34963050,0.19943483,-0.15019567,0.2963,0.5000,+0.2037,0.2651,0.2651,+0.0000
Wav2Vec2_Vanilla,5,UrbanSound,Yes,0.34963050,0.84809770,+0.49846720,nan,nan,+nan,0.0261,0.0261,+0.0000
Wav2Vec2_Vanilla,5,Wonjun_Yi,Yes,0.34963050,0.02001937,-0.32961114,nan,nan,+nan,0.5238,0.5238,+0.0000
